"assessment_date","country","iso3","region","population","growth_rate","relative_incidence","net_increases","epi_classification","growth_rate_lower","growth_rate_upper","tpr_recent","tpr_before","tpr_change","tpr_last_date_recent","tpr_last_date_before","vac_oneplus_dose_per_100","vac_full_per_100","vaccinations_date"
"2021-10-18","Algeria","DZA","AFRO",43851044,-0.028,"6.6%",0,"Minimal",-0.034,-0.021,,,,,,13.7,9.2,"2021-09-25"
"2021-10-18","Angola","AGO","AFRO",32866272,-0.048,"36.3%",0,"Minimal",-0.052,-0.045,"10.7%","30.6%","decreasing","2021-10-17","2021-10-10",9.6,3.9,"2021-10-14"
"2021-10-18","Benin","BEN","AFRO",12123200,-0.103,"3.9%",0,"Minimal",-0.112,-0.094,"4.5%","11.2%","decreasing","2021-10-10","2021-10-03",1.8,1.5,"2021-10-12"
"2021-10-18","Botswana","BWA","AFRO",2351627,-0.066,"8.9%",0,"Minimal",-0.071,-0.062,,,,,,22.4,11,"2021-10-14"
"2021-10-18","Burkina Faso","BFA","AFRO",20903273,0.021,"17.1%",0,"Minimal",0.007,0.035,"12.0%","4.8%","increasing","2021-10-17","2021-10-10",1.3,1,"2021-10-09"
"2021-10-18","Burundi","BDI","AFRO",11890784,-0.049,"18.6%",0,"Minimal",-0.056,-0.042,"2.9%","3.3%","constant","2021-10-17","2021-10-10",,,
"2021-10-18","Cabo Verde","CPV","AFRO",555987,-0.014,"7.0%",0,"Minimal",-0.027,-0.001,"5.1%","10.2%","decreasing","2021-10-17","2021-10-10",52.3,29.9,"2021-10-09"
"2021-10-18","Cameroon","CMR","AFRO",26545863,-0.089,"33.6%",0,"Minimal",-0.092,-0.086,,,,,,1.5,0.5,"2021-10-11"
"2021-10-18","Central African Republic","CAF","AFRO",4829767,0.123,"1.9%",1,"Medium",0.087,0.16,"50.3%","3.2%","increasing","2021-10-17","2021-10-10",5.1,0.2,"2021-10-14"
"2021-10-18","Chad","TCD","AFRO",16425864,,,,,,,"0.6%","0.9%","constant","2021-10-17","2021-10-10",0.9,0.2,"2021-10-11"
"2021-10-18","Comoros","COM","AFRO",869601,-0.041,"3.6%",1,"Minimal",-0.08,-0.003,,,,,,22.8,18.6,"2021-10-09"
"2021-10-18","Congo","COG","AFRO",5518087,0.092,"117.6%",3,"Very High",0.083,0.1,"21.7%","4.3%","increasing","2021-10-17","2021-10-10",5.1,2.2,"2021-10-14"
"2021-10-18","Côte d'Ivoire","CIV","AFRO",26378274,-0.064,"5.6%",0,"Minimal",-0.073,-0.054,"2.1%","5.6%","decreasing","2021-10-10","2021-10-03",7.5,2.3,"2021-10-11"
"2021-10-18","Democratic Republic of the Congo","COD","AFRO",89561403,0.009,"5.4%",0,"Minimal",-0.006,0.024,"13.5%","9.6%","increasing","2021-08-15","2021-08-08",0.1,0,"2021-10-08"
"2021-10-18","Equatorial Guinea","GNQ","AFRO",1402985,-0.081,"7.4%",0,"Minimal",-0.092,-0.07,,,,,,16.8,12.7,"2021-10-12"
"2021-10-18","Eritrea","ERI","AFRO",3546421,0.017,"5.2%",0,"Minimal",-0.02,0.054,,,,,,,,
"2021-10-18","Eswatini","SWZ","AFRO",1160164,-0.06,"1.7%",0,"Minimal",-0.074,-0.047,,,,,,20,19.4,"2021-10-11"
"2021-10-18","Ethiopia","ETH","AFRO",114963588,-0.02,"31.5%",0,"Minimal",-0.023,-0.018,"11.2%","12.8%","decreasing","2021-10-10","2021-10-03",2.6,0.8,"2021-10-14"
"2021-10-18","Gabon","GAB","AFRO",2225734,0.006,"63.2%",0,"Low",0.001,0.01,"6.0%","6.4%","constant","2021-10-17","2021-10-10",5.4,3.9,"2021-10-14"
"2021-10-18","Gambia","GMB","AFRO",2416668,-0.067,"0.5%",1,"Minimal",-0.144,0.005,"1.1%","0.8%","constant","2021-10-17","2021-10-10",7.6,7.1,"2021-09-29"
"2021-10-18","Ghana","GHA","AFRO",31072940,0.029,"14.3%",1,"Low",0.022,0.035,"3.1%","7.4%","decreasing","2021-10-03","2021-09-26",4.4,2.6,"2021-10-07"
"2021-10-18","Guinea","GIN","AFRO",13132795,0.009,"7.1%",0,"Minimal",-0.012,0.031,"2.5%","2.0%","constant","2021-10-17","2021-10-10",10.3,5,"2021-10-14"
"2021-10-18","Guinea-Bissau","GNB","AFRO",1968001,0.01,"2.3%",1,"Minimal",-0.049,0.07,"1.2%","0.7%","constant","2021-10-17","2021-10-10",5.6,0.5,"2021-10-12"
"2021-10-18","Kenya","KEN","AFRO",53771296,-0.024,"9.5%",0,"Minimal",-0.029,-0.018,"3.1%","3.1%","constant","2021-10-17","2021-10-10",6.1,2.2,"2021-10-16"
"2021-10-18","Lesotho","LSO","AFRO",2142249,-0.26,"1.1%",1,"Minimal",-0.266,-0.253,"2.0%","1.5%","constant","2021-10-17","2021-10-10",16.2,15.8,"2021-10-10"
"2021-10-18","Liberia","LBR","AFRO",5057681,-0.011,"0.5%",0,"Minimal",-0.096,0.073,,,,,,1.7,0.2,"2021-10-06"
"2021-10-18","Madagascar","MDG","AFRO",27691018,-0.133,"0.1%",0,"Minimal",-0.193,-0.079,"3.5%","1.3%","increasing","2021-08-29","2021-08-22",0.7,0.7,"2021-09-20"
"2021-10-18","Malawi","MWI","AFRO",19129952,-0.056,"0.6%",0,"Minimal",-0.08,-0.034,,,,,,4.6,2.7,"2021-10-14"
"2021-10-18","Mali","MLI","AFRO",20250833,0.024,"9.4%",0,"Minimal",0.009,0.04,"2.3%","2.1%","constant","2021-10-17","2021-10-10",1.6,1.3,"2021-10-15"
"2021-10-18","Mauritania","MRT","AFRO",4649658,-0.002,"7.6%",0,"Minimal",-0.013,0.01,"2.6%","2.7%","constant","2021-10-17","2021-10-10",15.3,12.6,"2021-10-13"
"2021-10-18","Mauritius","MUS","AFRO",1271768,-0.021,"13.1%",0,"Minimal",-0.03,-0.011,"9.7%","26.1%","decreasing","2021-10-17","2021-10-10",69.3,65.4,"2021-10-14"
"2021-10-18","Mayotte","MYT","AFRO",272815,-0.055,"1.9%",0,"Minimal",-0.078,-0.033,,,,,,,,
"2021-10-18","Mozambique","MOZ","AFRO",31255435,-0.064,"1.0%",0,"Minimal",-0.077,-0.051,"7.2%","18.7%","decreasing","2021-10-17","2021-10-10",6.1,5.7,"2021-10-08"
"2021-10-18","Namibia","NAM","AFRO",2540905,-0.026,"2.0%",0,"Minimal",-0.036,-0.016,"4.2%","8.4%","decreasing","2021-10-10","2021-10-03",11.5,8.6,"2021-10-14"
"2021-10-18","Niger","NER","AFRO",24206644,0.006,"8.3%",0,"Minimal",-0.017,0.03,"3.1%","2.3%","constant","2021-10-17","2021-10-10",1.8,0.9,"2021-10-10"
"2021-10-18","Nigeria","NGA","AFRO",206139589,-0.003,"13.3%",0,"Minimal",-0.008,0.001,,,,,,2.5,1.1,"2021-10-14"
"2021-10-18","Réunion","REU","AFRO",895312,-0.04,"0.9%",0,"Minimal",-0.052,-0.028,,,,,,,,
"2021-10-18","Rwanda","RWA","AFRO",12952218,-0.032,"6.0%",0,"Minimal",-0.039,-0.025,"1.3%","1.1%","increasing","2021-10-17","2021-10-10",22.6,13.3,"2021-10-15"
"2021-10-18","Saint Helena","SHN","AFRO",6071,,,,,,,,,,,,71.8,58.2,"2021-05-05"
"2021-10-18","Sao Tome and Principe","STP","AFRO",219159,-0.067,"14.5%",0,"Minimal",-0.086,-0.048,,,,,,34.2,12.7,"2021-10-13"
"2021-10-18","Senegal","SEN","AFRO",16743927,-0.044,"0.4%",0,"Minimal",-0.073,-0.016,"0.3%","0.4%","constant","2021-10-17","2021-10-10",7.6,3.4,"2021-10-14"
"2021-10-18","Seychelles","SYC","AFRO",98347,0.008,"7.6%",0,"Minimal",-0.006,0.021,,,,,,78.6,72.3,"2021-09-16"
"2021-10-18","Sierra Leone","SLE","AFRO",7976983,,,,,,,"0.1%","0.0%","constant","2021-10-17","2021-10-10",3.7,0.8,"2021-10-12"
"2021-10-18","South Africa","ZAF","AFRO",59308690,-0.038,"3.4%",0,"Minimal",-0.041,-0.036,"3.0%","4.6%","decreasing","2021-10-10","2021-10-03",23.5,17.8,"2021-10-15"
"2021-10-18","South Sudan","SSD","AFRO",11193725,0.008,"7.2%",1,"Minimal",-0.011,0.027,"2.6%","2.3%","constant","2021-10-17","2021-10-10",0.7,0.3,"2021-10-11"
"2021-10-18","Togo","TGO","AFRO",8278724,-0.059,"6.4%",0,"Minimal",-0.072,-0.047,"1.9%","2.4%","constant","2021-10-17","2021-10-10",9.7,4.9,"2021-10-08"
"2021-10-18","Uganda","UGA","AFRO",45741007,,"1.9%",0,,,,"2.4%","0.0%","increasing","2021-10-10","2021-10-03",5.2,0.9,"2021-10-14"
"2021-10-18","United Republic of Tanzania","TZA","AFRO",59734218,-0.098,"0.3%",0,"Minimal",-0.117,-0.08,,,,,,,1.5,"2021-10-03"
"2021-10-18","Western Sahara","ESH","AFRO",597339,,,,,,,,,,,,,,
"2021-10-18","Zambia","ZMB","AFRO",18383955,-0.029,"0.9%",0,"Minimal",-0.042,-0.017,"0.6%","0.8%","decreasing","2021-10-10","2021-10-03",,2.7,"2021-10-16"
"2021-10-18","Zimbabwe","ZWE","AFRO",14862924,-0.068,"3.3%",0,"Minimal",-0.075,-0.062,"2.9%","5.0%","decreasing","2021-10-10","2021-10-03",21.7,16.7,"2021-10-17"
"2021-10-18","Afghanistan","AFG","EMRO",38928346,0.005,"1.9%",1,"Minimal",-0.007,0.017,,,,,,2.1,,"2021-09-30"
"2021-10-18","Bahrain","BHR","EMRO",1701575,-0,"2.1%",0,"Minimal",-0.009,0.009,"0.4%","0.4%","constant","2021-10-10","2021-10-03",68.8,66.6,"2021-10-17"
"2021-10-18","Djibouti","DJI","EMRO",988000,-0.088,"12.5%",0,"Minimal",-0.099,-0.077,,,,,,6.7,2.6,"2021-09-30"
"2021-10-18","Egypt","EGY","EMRO",102334404,0.012,"54.5%",0,"Low",0.009,0.014,,,,,,13.2,6.5,"2021-10-08"
"2021-10-18","Iran (Islamic Republic of)","IRN","EMRO",83992949,-0.013,"29.4%",5,"Low",-0.014,-0.012,"25.6%","20.9%","increasing","2021-10-10","2021-10-03",53.7,23,"2021-10-10"
"2021-10-18","Iraq","IRQ","EMRO",40222493,-0.021,"13.9%",0,"Minimal",-0.022,-0.019,"11.0%","11.1%","constant","2021-10-10","2021-10-03",12.5,7.9,"2021-10-09"
"2021-10-18","Jordan","JOR","EMRO",10203134,0.004,"13.2%",0,"Minimal",0.002,0.006,"11.5%","11.0%","increasing","2021-10-10","2021-10-03",37.5,33.5,"2021-10-17"
"2021-10-18","Kuwait","KWT","EMRO",4270571,-0.013,"1.9%",0,"Minimal",-0.024,-0.002,"0.3%","0.2%","increasing","2021-10-10","2021-10-03",,,
"2021-10-18","Lebanon","LBN","EMRO",6825445,0.008,"11.3%",0,"Minimal",0.005,0.011,,,,,,24.9,20.7,"2021-10-17"
"2021-10-18","Libya","LBY","EMRO",6871292,-0.035,"18.8%",0,"Minimal",-0.037,-0.032,"14.8%","18.1%","decreasing","2021-10-10","2021-10-03",21,4.3,"2021-10-14"
"2021-10-18","Morocco","MAR","EMRO",36910560,-0.041,"4.5%",0,"Minimal",-0.044,-0.038,"4.7%","6.3%","decreasing","2021-10-10","2021-10-03",62.7,55.8,"2021-10-13"
"2021-10-18","occupied Palestinian territory","PSE","EMRO",5101414,-0.058,"26.4%",0,"Minimal",-0.061,-0.056,"16.2%","18.7%","decreasing","2021-10-10","2021-10-03",,23.1,"2021-10-10"
"2021-10-18","Oman","OMN","EMRO",5106626,-0.052,"0.6%",0,"Minimal",-0.068,-0.036,,,,,,58,44.9,"2021-10-11"
"2021-10-18","Pakistan","PAK","EMRO",220892340,-0.038,"15.8%",3,"Low",-0.04,-0.036,"3.4%","4.1%","decreasing","2021-10-03","2021-09-26",29.4,15.8,"2021-10-12"
"2021-10-18","Qatar","QAT","EMRO",2881053,-0.01,"3.8%",0,"Minimal",-0.018,-0.002,"1.4%","1.5%","constant","2021-10-10","2021-10-03",,,"2021-10-17"
"2021-10-18","Saudi Arabia","SAU","EMRO",34813871,-0,"1.2%",3,"Low",-0.01,0.01,"0.1%","0.1%","constant","2021-10-10","2021-10-03",68.7,59.6,"2021-10-17"
"2021-10-18","Somalia","SOM","EMRO",15893222,-0.047,"29.8%",1,"Minimal",-0.056,-0.039,,,,,,2.1,1.6,"2021-10-14"
"2021-10-18","Sudan","SDN","EMRO",43849260,0.05,"29.6%",0,"Low",0.041,0.06,,,,,,1.5,1.3,"2021-09-19"
"2021-10-18","Syrian Arab Republic","SYR","EMRO",17500658,-0.006,"79.5%",0,"Low",-0.01,-0.002,,,,,,3.9,2.1,"2021-10-12"
"2021-10-18","Tunisia","TUN","EMRO",11818619,-0.066,"2.1%",0,"Minimal",-0.071,-0.062,,,,,,45.4,35.1,"2021-10-14"
"2021-10-18","United Arab Emirates","ARE","EMRO",9890402,-0.058,"3.2%",0,"Minimal",-0.064,-0.053,"0.1%","0.1%","decreasing","2021-10-10","2021-10-03",96.2,86.2,"2021-10-17"
"2021-10-18","Yemen","YEM","EMRO",29825964,-0.032,"21.8%",0,"Minimal",-0.045,-0.019,,,,,,1,0.2,"2021-09-27"
"2021-10-18","Albania","ALB","EURO",2877800,-0.015,"37.2%",0,"Minimal",-0.018,-0.012,"0.4%","0.4%","constant","2021-06-13","2021-06-06",33.7,29.4,"2021-10-13"
"2021-10-18","Andorra","AND","EURO",77265,-0.027,"6.0%",0,"Minimal",-0.052,-0.002,,,,,,70.3,61.8,"2021-09-26"
"2021-10-18","Armenia","ARM","EURO",2963234,0.022,"54.2%",1,"Medium",0.02,0.025,"19.4%","17.3%","increasing","2021-10-10","2021-10-03",11.6,5.7,"2021-10-11"
"2021-10-18","Austria","AUT","EURO",8901064,0.016,"28.3%",2,"Minimal",0.014,0.018,"0.6%","0.5%","increasing","2021-10-10","2021-10-03",65.3,62.1,"2021-10-16"
"2021-10-18","Azerbaijan","AZE","EURO",10139175,0.022,"25.6%",0,"Minimal",0.019,0.024,,,,,,49,41.7,"2021-10-17"
"2021-10-18","Belarus","BLR","EURO",9449321,0.003,"102.7%",0,"High",0.001,0.004,"5.6%","6.3%","decreasing","2021-10-10","2021-10-03",26.1,18.5,"2021-10-10"
"2021-10-18","Belgium","BEL","EURO",11522440,-0.005,"12.0%",2,"Minimal",-0.007,-0.004,"4.7%","4.3%","increasing","2021-10-10","2021-10-03",75,73.7,"2021-10-14"
"2021-10-18","Bosnia and Herzegovina","BIH","EURO",3280815,0,"33.0%",0,"Minimal",-0.003,0.003,"77.0%","35.5%","increasing","2021-10-10","2021-10-03",22.4,15.5,"2021-09-29"
"2021-10-18","Bulgaria","BGR","EURO",6951482,0.028,"75.4%",0,"Medium",0.027,0.03,"12.3%","10.4%","increasing","2021-10-10","2021-10-03",,19.9,"2021-10-17"
"2021-10-18","Croatia","HRV","EURO",4058165,0.018,"39.4%",0,"Minimal",0.016,0.02,"8.4%","9.3%","decreasing","2021-10-10","2021-10-03",46.1,43.2,"2021-10-16"
"2021-10-18","Cyprus","CYP","EURO",888005,0.021,"13.9%",0,"Minimal",0.014,0.027,"0.2%","0.2%","constant","2021-10-10","2021-10-10",67.5,63.5,"2021-10-14"
"2021-10-18","Czechia","CZE","EURO",10693939,0.057,"10.1%",2,"Medium",0.054,0.059,"1.4%","1.4%","constant","2021-10-10","2021-10-10",57.3,56.4,"2021-10-17"
"2021-10-18","Denmark","DNK","EURO",5822763,0.036,"18.4%",3,"Medium",0.033,0.039,"1.4%","0.9%","increasing","2021-10-10","2021-10-10",76.7,75.5,"2021-10-14"
"2021-10-18","Estonia","EST","EURO",1328976,0.035,"74.5%",1,"Medium",0.033,0.038,"14.3%","14.3%","constant","2021-10-10","2021-10-10",58,54.7,"2021-10-16"
"2021-10-18","Faroe Islands","FRO","EURO",48865,-0.033,"47.7%",0,"Minimal",-0.056,-0.011,,,,,,79.6,75.7,"2021-10-15"
"2021-10-18","Finland","FIN","EURO",5525292,-0.033,"46.6%",0,"Minimal",-0.036,-0.03,"5.0%","5.0%","constant","2021-10-10","2021-10-10",75.7,67.3,"2021-10-17"
"2021-10-18","France","FRA","EURO",65039359,0.009,"9.4%",2,"Minimal",0.008,0.01,"0.9%","0.9%","decreasing","2021-10-10","2021-10-10",78.1,69.7,"2021-10-14"
"2021-10-18","Georgia","GEO","EURO",3989175,0.067,"80.4%",3,"Very High",0.066,0.069,"4.9%","6.0%","decreasing","2021-10-03","2021-09-26",25.3,22.4,"2021-10-14"
"2021-10-18","Germany","DEU","EURO",83166711,0.018,"35.1%",1,"Minimal",0.017,0.019,"6.4%","6.2%","increasing","2021-10-10","2021-10-03",68.8,65.7,"2021-10-15"
"2021-10-18","Gibraltar","GIB","EURO",33691,0.041,"14.3%",3,"Low",0.019,0.062,,,,,,118.6,118,"2021-10-15"
"2021-10-18","Greece","GRC","EURO",10718565,0.01,"73.3%",4,"Medium",0.008,0.011,"1.2%","0.5%","increasing","2021-10-10","2021-10-10",61,58.8,"2021-10-17"
"2021-10-18","Greenland","GRL","EURO",56772,0.002,"30.7%",0,"Minimal",-0.03,0.035,,,,,,70.5,64.5,"2021-10-15"
"2021-10-18","Guernsey","GGY","EURO",64468,0.052,"55.0%",0,"Medium",0.032,0.073,,,,,,,,"2021-10-13"
"2021-10-18","Holy See","VAT","EURO",809,,,,,,,,,,,,,,
"2021-10-18","Hungary","HUN","EURO",9769526,0.003,"8.8%",3,"Low",-0,0.006,"4.8%","4.4%","increasing","2021-10-10","2021-10-10",,,
"2021-10-18","Iceland","ISL","EURO",364134,0.003,"29.1%",1,"Minimal",-0.009,0.014,"2.8%","1.6%","increasing","2021-10-10","2021-10-10",77.5,76.3,"2021-10-14"
"2021-10-18","Ireland","IRL","EURO",4964440,0.026,"26.2%",1,"Low",0.024,0.028,"7.8%","7.9%","constant","2021-10-10","2021-10-10",76.3,74.9,"2021-10-13"
"2021-10-18","Isle of Man","IMN","EURO",85032,0.04,"27.1%",0,"Low",0.03,0.05,,,,,,77,75.3,"2021-10-14"
"2021-10-18","Israel","ISR","EURO",8655541,-0.074,"13.9%",0,"Minimal",-0.075,-0.072,"2.3%","3.4%","decreasing","2021-10-10","2021-10-03",71.7,65.9,"2021-10-17"
"2021-10-18","Italy","ITA","EURO",59641488,-0.009,"7.1%",2,"Minimal",-0.01,-0.007,"1.0%","1.0%","constant","2021-10-10","2021-10-10",77.5,70.9,"2021-10-17"
"2021-10-18","Jersey","JEY","EURO",107796,0.022,"10.2%",0,"Minimal",0.006,0.037,,,,,,72.5,68.9,"2021-10-14"
"2021-10-18","Kazakhstan","KAZ","EURO",18776707,-0.003,"23.8%",0,"Minimal",-0.005,-0.002,"3.4%","4.1%","decreasing","2021-06-06","2021-05-30",42.7,37.9,"2021-10-17"
"2021-10-18","Kosovo†","XKX","EURO",1795666,-0.054,"1.3%",4,"Low",-0.066,-0.041,"3.0%","7.7%","decreasing","2021-10-10","2021-10-03",46.2,36.7,"2021-10-15"
"2021-10-18","Kyrgyzstan","KGZ","EURO",6524191,0.015,"5.5%",1,"Minimal",0.006,0.023,"1.9%","2.2%","constant","2021-10-03","2021-09-26",13.9,10.5,"2021-10-17"
"2021-10-18","Latvia","LVA","EURO",1907675,0.041,"124.2%",0,"High",0.039,0.043,"8.5%","8.5%","constant","2021-10-10","2021-10-10",53.5,48.9,"2021-10-17"
"2021-10-18","Liechtenstein","LIE","EURO",38747,0.057,"6.6%",2,"Minimal",0.002,0.115,"1.0%","0.4%","constant","2021-10-10","2021-10-03",64,59.7,"2021-10-14"
"2021-10-18","Lithuania","LTU","EURO",2794090,0.03,"75.5%",0,"Medium",0.028,0.031,"9.5%","9.5%","constant","2021-10-10","2021-10-10",63.7,58.8,"2021-10-17"
"2021-10-18","Luxembourg","LUX","EURO",626108,0.003,"12.5%",0,"Minimal",-0.004,0.01,"4.5%","4.5%","constant","2021-10-10","2021-10-10",67.4,,"2021-10-10"
"2021-10-18","Malta","MLT","EURO",514564,0.01,"5.6%",0,"Minimal",-0.007,0.027,"1.1%","0.9%","constant","2021-10-10","2021-10-10",82.7,82.6,"2021-10-16"
"2021-10-18","Monaco","MCO","EURO",39244,0.05,"14.5%",1,"Minimal",0.006,0.096,,,,,,68,59.4,"2021-09-16"
"2021-10-18","Montenegro","MNE","EURO",628062,-0.013,"52.1%",1,"Low",-0.016,-0.009,,,,,,40.3,36.8,"2021-10-16"
"2021-10-18","Netherlands","NLD","EURO",17407585,0.052,"27.7%",6,"High",0.05,0.053,"2.8%","2.0%","increasing","2021-10-10","2021-10-03",,,"2021-10-13"
"2021-10-18","North Macedonia","MKD","EURO",2083380,-0.003,"26.6%",1,"Minimal",-0.007,0,,,,,,38.4,36.4,"2021-10-15"
"2021-10-18","Norway","NOR","EURO",5367580,-0.035,"20.5%",0,"Minimal",-0.038,-0.031,"4.9%","3.2%","increasing","2021-10-10","2021-10-10",78.1,69,"2021-10-14"
"2021-10-18","Poland","POL","EURO",37958138,0.062,"8.5%",0,"Medium",0.06,0.064,"4.6%","4.5%","constant","2021-10-10","2021-10-10",52.8,52,"2021-10-16"
"2021-10-18","Portugal","PRT","EURO",10295909,0.014,"5.0%",3,"Low",0.011,0.017,"1.6%","1.6%","constant","2021-10-10","2021-10-10",87.2,85.3,"2021-10-11"
"2021-10-18","Republic of Moldova","MDA","EURO",4033963,0.018,"82.2%",0,"High",0.016,0.02,"16.8%","14.8%","increasing","2021-10-10","2021-10-03",,20.5,"2021-10-17"
"2021-10-18","Romania","ROU","EURO",19328838,0.012,"98.1%",0,"High",0.011,0.012,"21.9%","19.7%","increasing","2021-10-10","2021-10-03",33.5,29.3,"2021-10-16"
"2021-10-18","Russian Federation","RUS","EURO",145934460,0.021,"107.3%",4,"Very High",0.02,0.021,"5.5%","4.8%","increasing","2021-07-18","2021-07-11",35.2,32.4,"2021-10-16"
"2021-10-18","San Marino","SMR","EURO",33938,-0.067,"2.3%",0,"Minimal",-0.119,-0.018,,,,,,73.9,65.5,"2021-10-10"
"2021-10-18","Serbia","SRB","EURO",6926705,-0.007,"85.2%",2,"Low",-0.008,-0.006,"30.4%","32.7%","decreasing","2021-10-10","2021-10-03",44.2,42.3,"2021-10-12"
"2021-10-18","Slovakia","SVK","EURO",5457873,0.04,"52.2%",0,"Medium",0.038,0.042,"4.0%","4.0%","constant","2021-10-10","2021-10-10",45.4,41.7,"2021-10-13"
"2021-10-18","Slovenia","SVN","EURO",2095861,0.019,"46.0%",3,"Medium",0.017,0.022,"19.6%","3.1%","increasing","2021-10-10","2021-10-10",54.4,50.8,"2021-10-17"
"2021-10-18","Spain","ESP","EURO",47332614,-0.049,"2.0%",0,"Minimal",-0.051,-0.047,"1.9%","2.0%","decreasing","2021-10-10","2021-10-03",80,78.2,"2021-10-14"
"2021-10-18","Sweden","SWE","EURO",10327589,0.005,"7.0%",2,"Minimal",0.002,0.008,"2.9%","3.0%","constant","2021-10-10","2021-10-10",69.8,65.8,"2021-10-15"
"2021-10-18","Switzerland","CHE","EURO",8654618,-0.046,"7.3%",0,"Minimal",-0.049,-0.044,"2.8%","3.1%","decreasing","2021-10-10","2021-10-03",65.2,61.2,"2021-10-14"
"2021-10-18","Tajikistan","TJK","EURO",9537642,,"0.0%",0,,,,,,,,,26.4,21.1,"2021-10-10"
"2021-10-18","Turkey","TUR","EURO",84339067,0.006,"50.7%",4,"Medium",0.005,0.006,"8.3%","8.0%","increasing","2021-10-10","2021-10-03",65,56.1,"2021-10-17"
"2021-10-18","Turkmenistan","TKM","EURO",6031187,,,,,,,,,,,,72.5,53.2,"2021-08-29"
"2021-10-18","Ukraine","UKR","EURO",43733759,0.033,"83.7%",0,"High",0.032,0.033,"14.5%","13.8%","increasing","2021-10-10","2021-10-03",18.2,14.8,"2021-10-17"
"2021-10-18","United Kingdom","GBR","EURO",67886004,0.013,"66.2%",0,"Low",0.013,0.014,"3.9%","3.6%","increasing","2021-10-10","2021-10-03",72.8,66,"2021-10-16"
"2021-10-18","Uzbekistan","UZB","EURO",33469199,-0.009,"42.0%",0,"Low",-0.012,-0.005,"1.1%","1.2%","decreasing","2021-10-10","2021-10-03",,,"2021-10-13"
"2021-10-18","Anguilla","AIA","PAHO",15002,0.035,"84.0%",0,"High",0.016,0.055,,,,,,63.6,61,"2021-10-15"
"2021-10-18","Antigua and Barbuda","ATG","PAHO",97929,-0.094,"13.4%",0,"Minimal",-0.105,-0.083,,,,,,55.9,46,"2021-10-13"
"2021-10-18","Argentina","ARG","PAHO",45195774,-0.052,"1.3%",0,"Minimal",-0.054,-0.049,,,,,,69,54.2,"2021-10-16"
"2021-10-18","Aruba","ABW","PAHO",106766,,"10.5%",0,,,,,,,,,76.9,71.2,"2021-10-15"
"2021-10-18","Bahamas","BHS","PAHO",393244,-0.137,"0.0%",0,"Minimal",-0.15,-0.124,,,,,,34,28.2,"2021-10-15"
"2021-10-18","Barbados","BRB","PAHO",287375,0.007,"79.0%",0,"Low",0.003,0.012,,,,,,50,39.9,"2021-10-13"
"2021-10-18","Belize","BLZ","PAHO",397628,-0.01,"61.1%",0,"Low",-0.015,-0.005,,,,,,50.3,36.3,"2021-10-06"
"2021-10-18","Bermuda","BMU","PAHO",62273,-0.126,"4.9%",0,"Minimal",-0.141,-0.112,,,,,,72.3,69.7,"2021-10-15"
"2021-10-18","Bolivia (Plurinational State of)","BOL","PAHO",11673021,-0.009,"8.7%",0,"Minimal",-0.013,-0.005,"10.0%","6.0%","increasing","2021-10-10","2021-10-03",37.3,29.7,"2021-10-07"
"2021-10-18","Bonaire","XAA","PAHO",20915,-0.022,"27.4%",0,"Minimal",-0.042,-0.003,,,,,,,,
"2021-10-18","Brazil","BRA","PAHO",212559417,-0.049,"8.7%",0,"Minimal",-0.05,-0.048,,,,,,73.6,50,"2021-10-17"
"2021-10-18","British Virgin Islands","VGB","PAHO",30237,-0.131,"0.0%",0,"Minimal",-0.188,-0.078,,,,,,58.2,51.2,"2021-10-08"
"2021-10-18","Canada","CAN","PAHO",37742154,-0.048,"24.2%",0,"Minimal",-0.049,-0.046,"3.6%","4.0%","decreasing","2021-10-10","2021-10-03",78.3,73.4,"2021-10-17"
"2021-10-18","Cayman Islands","CYM","PAHO",65720,0.007,"72.0%",0,"Low",-0.015,0.029,,,,,,84.9,84.9,"2021-10-14"
"2021-10-18","Chile","CHL","PAHO",19116201,-0.007,"6.3%",0,"Minimal",-0.01,-0.005,"1.5%","1.2%","increasing","2021-10-10","2021-10-03",84.3,75.2,"2021-10-15"
"2021-10-18","Colombia","COL","PAHO",50882891,-0.035,"3.0%",0,"Minimal",-0.037,-0.033,"3.3%","3.6%","decreasing","2021-10-10","2021-10-03",55.9,38.1,"2021-10-14"
"2021-10-18","Costa Rica","CRI","PAHO",5094118,-0.056,"28.1%",0,"Minimal",-0.058,-0.054,"29.7%","33.1%","decreasing","2021-10-03","2021-09-26",69.2,47,"2021-10-11"
"2021-10-18","Cuba","CUB","PAHO",11326616,-0.074,"21.1%",0,"Minimal",-0.076,-0.073,"8.5%","6.0%","increasing","2021-07-04","2021-06-27",85.7,59.6,"2021-10-15"
"2021-10-18","Curaçao","CUW","PAHO",164093,-0.047,"6.4%",0,"Minimal",-0.06,-0.034,,,,,,60.5,55.6,"2021-10-17"
"2021-10-18","Dominica","DMA","PAHO",71991,-0.043,"17.8%",0,"Minimal",-0.054,-0.032,,,,,,37.2,30.6,"2021-10-15"
"2021-10-18","Dominican Republic","DOM","PAHO",10847910,-0.003,"25.2%",0,"Minimal",-0.006,0,"36.0%","38.5%","constant","2021-08-29","2021-08-22",58,46.8,"2021-10-16"
"2021-10-18","Ecuador","ECU","PAHO",17643054,-0.117,"2.3%",0,"Minimal",-0.123,-0.111,"7.2%","11.9%","decreasing","2021-10-10","2021-10-03",66.4,56.9,"2021-10-14"
"2021-10-18","El Salvador","SLV","PAHO",6486205,-0.108,"0.0%",0,"Minimal",-0.113,-0.103,,,,,,65.4,55.5,"2021-10-17"
"2021-10-18","Falkland Islands (Malvinas)","FLK","PAHO",3483,,,,,,,,,,,,75.6,51,"2021-04-14"
"2021-10-18","French Guiana","GUF","PAHO",298682,-0.054,"37.0%",0,"Minimal",-0.06,-0.048,,,,,,,,
"2021-10-18","Grenada","GRD","PAHO",112523,-0.124,"4.7%",0,"Minimal",-0.136,-0.113,,,,,,31.8,23.4,"2021-10-08"
"2021-10-18","Guadeloupe","GLP","PAHO",400124,-0.016,"2.6%",1,"Minimal",-0.028,-0.004,,,,,,,,
"2021-10-18","Guatemala","GTM","PAHO",17915568,-0.077,"13.8%",0,"Minimal",-0.079,-0.075,"14.4%","21.8%","decreasing","2021-10-10","2021-10-03",28.2,16.7,"2021-10-16"
"2021-10-18","Guyana","GUY","PAHO",786552,-0.05,"24.6%",0,"Minimal",-0.056,-0.044,,,,,,47,28.8,"2021-10-13"
"2021-10-18","Haiti","HTI","PAHO",11402528,-0.095,"11.3%",0,"Minimal",-0.106,-0.084,,,,,,0.6,0.2,"2021-10-10"
"2021-10-18","Honduras","HND","PAHO",9904607,-0.044,"21.0%",0,"Minimal",-0.048,-0.04,,,,,,35.5,25.6,"2021-10-15"
"2021-10-18","Jamaica","JAM","PAHO",2961167,-0.085,"16.3%",0,"Minimal",-0.09,-0.08,"21.2%","72.2%","decreasing","2021-10-10","2021-10-03",19,11.4,"2021-10-15"
"2021-10-18","Martinique","MTQ","PAHO",375265,-0.033,"4.9%",0,"Minimal",-0.042,-0.024,,,,,,,,
"2021-10-18","Mexico","MEX","PAHO",128932753,-0.045,"18.5%",0,"Minimal",-0.046,-0.044,"34.2%","37.6%","decreasing","2021-10-10","2021-10-03",53.2,40,"2021-10-16"
"2021-10-18","Montserrat","MSR","PAHO",4999,,,,,,,,,,,,30,28.2,"2021-10-08"
"2021-10-18","Nicaragua","NIC","PAHO",6624554,-0.039,"64.1%",0,"Minimal",-0.048,-0.031,,,,,,10.1,5,"2021-10-08"
"2021-10-18","Panama","PAN","PAHO",4314767,-0.042,"3.3%",0,"Minimal",-0.047,-0.037,"3.3%","3.5%","constant","2021-10-10","2021-10-03",68.6,54.2,"2021-10-17"
"2021-10-18","Paraguay","PRY","PAHO",7132538,-0.042,"0.5%",0,"Minimal",-0.057,-0.027,"1.3%","1.7%","constant","2021-10-10","2021-10-03",40.2,28.9,"2021-10-15"
"2021-10-18","Peru","PER","PAHO",32971854,-0.035,"4.9%",0,"Minimal",-0.038,-0.032,,,,,,53.5,42.1,"2021-10-16"
"2021-10-18","Puerto Rico","PRI","PAHO",2860853,,"3.3%",0,,,,,,,,,,,
"2021-10-18","Saba","XCA","PAHO",1933,,,,,,,,,,,,,,
"2021-10-18","Saint Barthélemy","BLM","PAHO",9885,,,,,,,,,,,,,,
"2021-10-18","Saint Kitts and Nevis","KNA","PAHO",53192,0.009,"37.9%",0,"Minimal",-0.003,0.021,"12.6%","15.9%","constant","2021-10-10","2021-10-03",49.3,43.4,"2021-10-15"
"2021-10-18","Saint Lucia","LCA","PAHO",183627,-0.075,"14.7%",0,"Minimal",-0.082,-0.067,,,,,,26.7,20.5,"2021-10-15"
"2021-10-18","Saint Martin","MAF","PAHO",38659,-0.001,"0.0%",0,"Minimal",-0.036,0.035,,,,,,,,
"2021-10-18","Saint Pierre and Miquelon","SPM","PAHO",5795,,,,,,,,,,,,,,
"2021-10-18","Saint Vincent and the Grenadines","VCT","PAHO",110940,-0.132,"0.0%",0,"Minimal",-0.145,-0.118,,,,,,20.6,13.1,"2021-10-14"
"2021-10-18","Sint Eustatius","XBA","PAHO",3139,,,,,,,,,,,,,,
"2021-10-18","Sint Maarten","SXM","PAHO",42882,-0.064,"15.4%",0,"Minimal",-0.086,-0.043,,,,,,60.8,56.1,"2021-10-08"
"2021-10-18","Suriname","SUR","PAHO",586632,-0.026,"42.4%",1,"Minimal",-0.03,-0.022,,,,,,41,31.5,"2021-10-15"
"2021-10-18","Trinidad and Tobago","TTO","PAHO",1399488,-0.016,"25.1%",0,"Minimal",-0.021,-0.01,"11.9%","16.2%","decreasing","2021-10-03","2021-09-26",43.6,40.4,"2021-10-17"
"2021-10-18","Turks and Caicos Islands","TCA","PAHO",38718,-0.045,"6.2%",0,"Minimal",-0.082,-0.009,,,,,,73.1,67.4,"2021-10-08"
"2021-10-18","United States of America","USA","PAHO",331002651,-0.037,"22.4%",0,"Minimal",-0.037,-0.036,,,,,,66.1,57.1,"2021-10-17"
"2021-10-18","United States Virgin Islands","VIR","PAHO",104425,-0.035,"24.5%",0,"Minimal",-0.051,-0.018,,,,,,,,
"2021-10-18","Uruguay","URY","PAHO",3473730,-0.012,"2.1%",0,"Minimal",-0.019,-0.005,"2.6%","3.2%","decreasing","2021-10-10","2021-10-03",79.2,75,"2021-10-17"
"2021-10-18","Venezuela (Bolivarian Republic of)","VEN","PAHO",28435940,-0.027,"62.3%",0,"Minimal",-0.029,-0.025,,,,,,34.9,21.8,"2021-10-08"
"2021-10-18","Bangladesh","BGD","SEARO",164689383,-0.061,"3.1%",0,"Minimal",-0.064,-0.059,"3.6%","3.8%","constant","2021-10-10","2021-10-03",22.8,11.4,"2021-10-17"
"2021-10-18","Bhutan","BTN","SEARO",771608,-0.043,"1.8%",0,"Minimal",-0.124,0.034,"0.0%","0.1%","constant","2021-10-17","2021-10-10",75.9,65.1,"2021-10-10"
"2021-10-18","Democratic People's Republic of Korea","PRK","SEARO",25778816,,,,,,,"0.0%","0.0%","constant","2021-10-17","2021-10-10",,,
"2021-10-18","India","IND","SEARO",1380004385,-0.022,"4.2%",0,"Minimal",-0.022,-0.021,"1.5%","1.6%","decreasing","2021-10-10","2021-10-03",50.4,20.3,"2021-10-17"
"2021-10-18","Indonesia","IDN","SEARO",273523615,-0.036,"1.9%",3,"Low",-0.038,-0.034,"0.7%","0.9%","decreasing","2021-10-10","2021-10-03",39.3,22.9,"2021-10-17"
"2021-10-18","Maldives","MDV","SEARO",540544,-0.011,"5.4%",5,"Low",-0.019,-0.003,"2.0%","2.3%","constant","2021-10-10","2021-10-03",72.8,64.6,"2021-10-13"
"2021-10-18","Myanmar","MMR","SEARO",54409800,-0.009,"22.5%",0,"Minimal",-0.011,-0.007,"8.0%","11.3%","decreasing","2021-10-10","2021-10-03",15.4,7.1,"2021-10-02"
"2021-10-18","Nepal","NPL","SEARO",29136808,-0.052,"4.5%",0,"Minimal",-0.055,-0.049,"8.2%","8.8%","decreasing","2021-10-10","2021-10-03",28.8,22.2,"2021-10-14"
"2021-10-18","Sri Lanka","LKA","SEARO",21413249,-0.018,"12.6%",3,"Low",-0.02,-0.016,"13.3%","13.1%","constant","2021-10-10","2021-10-03",69,59.6,"2021-10-17"
"2021-10-18","Thailand","THA","SEARO",69799978,-0,"47.8%",2,"Low",-0.001,0,"24.6%","28.1%","decreasing","2021-10-03","2021-09-26",52.6,35.8,"2021-10-15"
"2021-10-18","Timor-Leste","TLS","SEARO",1318445,-0.096,"1.8%",0,"Minimal",-0.116,-0.077,,,,,,37.6,23.9,"2021-10-12"
"2021-10-18","American Samoa","ASM","WPRO",55197,,,,,,,,,,,,,,
"2021-10-18","Australia","AUS","WPRO",25499884,0.014,"102.1%",0,"High",0.013,0.016,"0.9%","0.8%","increasing","2021-09-26","2021-09-19",71.7,56.3,"2021-10-17"
"2021-10-18","Brunei Darussalam","BRN","WPRO",437479,0.02,"117.7%",6,"Very High",0.014,0.025,"3.2%","3.9%","decreasing","2021-09-05","2021-08-29",77.6,51.2,"2021-10-14"
"2021-10-18","Cambodia","KHM","WPRO",16718965,-0.083,"26.7%",6,"Low",-0.087,-0.079,"87.4%","32.1%","increasing","2021-07-18","2021-07-11",81.2,74.4,"2021-10-15"
"2021-10-18","China","CHN","WPRO",1471286879,-0.031,"0.6%",0,"Minimal",-0.043,-0.02,"0.0%","0.0%","decreasing","2021-06-27","2021-06-20",,,"2021-10-17"
"2021-10-18","Cook Islands","COK","WPRO",17564,,,,,,,,,,,,64.9,63.4,"2021-10-05"
"2021-10-18","Fiji","FJI","WPRO",896445,-0.045,"2.8%",0,"Minimal",-0.056,-0.035,"25.4%","24.0%","increasing","2021-07-25","2021-07-18",66.4,55.3,"2021-10-12"
"2021-10-18","French Polynesia","PYF","WPRO",280908,-0.063,"0.9%",0,"Minimal",-0.078,-0.048,,,,,,54.8,51.3,"2021-10-12"
"2021-10-18","Guam","GUM","WPRO",168775,-0.027,"41.2%",0,"Minimal",-0.036,-0.019,,,,,,,,
"2021-10-18","Japan","JPN","WPRO",126476461,-0.074,"2.4%",0,"Minimal",-0.076,-0.072,"1.6%","2.5%","decreasing","2021-10-10","2021-10-03",75.4,67.1,"2021-10-17"
"2021-10-18","Kiribati","KIR","WPRO",119449,,,,,,,,,,,,36,7,"2021-10-12"
"2021-10-18","Lao People's Democratic Republic","LAO","WPRO",7275560,0.012,"104.7%",0,"High",0.009,0.015,,,,,,,,
"2021-10-18","Malaysia","MYS","WPRO",32365999,-0.03,"34.3%",1,"Minimal",-0.03,-0.029,"14.4%","14.1%","increasing","2021-08-29","2021-08-22",77.9,70.3,"2021-10-17"
"2021-10-18","Marshall Islands","MHL","WPRO",59194,,,,,,,,,,,,,,
"2021-10-18","Micronesia (Federated States of)","FSM","WPRO",115023,,,,,,,,,,,,,,
"2021-10-18","Mongolia","MNG","WPRO",3278290,-0.035,"42.4%",0,"Minimal",-0.037,-0.033,"19.7%","18.9%","increasing","2021-08-01","2021-07-25",68.7,65.2,"2021-10-17"
"2021-10-18","Nauru","NRU","WPRO",10834,,,,,,,,,,,,70.3,66.9,"2021-08-31"
"2021-10-18","New Caledonia","NCL","WPRO",285498,-0.045,"24.7%",0,"Minimal",-0.05,-0.039,,,,,,57.2,43.3,"2021-10-12"
"2021-10-18","New Zealand","NZL","WPRO",4822233,0.057,"75.6%",0,"Medium",0.045,0.068,"0.2%","0.3%","decreasing","2021-10-10","2021-10-03",74.1,57.5,"2021-10-17"
"2021-10-18","Niue","NIU","WPRO",1618,,,,,,,,,,,,74.3,71.1,"2021-08-02"
"2021-10-18","Northern Mariana Islands (Commonwealth of the)","MNP","WPRO",57557,,,,,,,,,,,,,,
"2021-10-18","Palau","PLW","WPRO",18092,,,,,,,,,,,,,,
"2021-10-18","Papua New Guinea","PNG","WPRO",8947024,0.022,"83.6%",0,"High",0.018,0.027,,,,,,1.5,0.7,"2021-10-05"
"2021-10-18","Philippines","PHL","WPRO",109581078,-0.046,"40.3%",0,"Minimal",-0.046,-0.045,"18.9%","24.5%","decreasing","2021-10-10","2021-10-03",,22.2,"2021-10-17"
"2021-10-18","Pitcairn Islands","PCN","WPRO",50,,,,,,,,,,,,94,94,"2021-09-07"
"2021-10-18","Republic of Korea","KOR","WPRO",51269185,-0.028,"58.3%",1,"Minimal",-0.03,-0.026,"6.5%","11.4%","decreasing","2021-10-10","2021-10-03",78.8,64.7,"2021-10-17"
"2021-10-18","Samoa","WSM","WPRO",198414,,,,,,,,,,,,57.8,29,"2021-09-28"
"2021-10-18","Singapore","SGP","WPRO",5850342,0.024,"93.7%",0,"High",0.022,0.025,"0.2%","0.2%","constant","2021-08-01","2021-07-25",81,80,"2021-10-16"
"2021-10-18","Solomon Islands","SLB","WPRO",686884,,,,,,,,,,,,16.5,4.1,"2021-10-12"
"2021-10-18","Tokelau","TKL","WPRO",1350,,,,,,,,,,,,71.7,71.7,"2021-10-12"
"2021-10-18","Tonga","TON","WPRO",105695,,,,,,,,,,,,44.5,26,"2021-10-05"
"2021-10-18","Tuvalu","TUV","WPRO",11792,,,,,,,,,,,,52.7,39.5,"2021-09-10"
"2021-10-18","Vanuatu","VUT","WPRO",307145,,,,,,,,,,,,19.3,9.2,"2021-10-12"
"2021-10-18","Viet Nam","VNM","WPRO",97338579,-0.058,"26.4%",0,"Minimal",-0.059,-0.057,,,,,,45.3,18.3,"2021-10-16"
"2021-10-18","Wallis and Futuna","WLF","WPRO",11246,,,,,,,,,,,,51.1,46.8,"2021-10-12"
